code,system
14NB.00,readv2
662U.00,readv2
9N4h.00,readv2
G73..00,readv2
G73y.00,readv2
G73yz00,readv2
G73z.00,readv2
G73zz00,readv2
Gyu7400,readv2
7A10100,readv2
7A27D00,readv2
7A28C00,readv2
G72y600,readv2
7A11.00,readv2
7A11000,readv2
7A11100,readv2
7A11200,readv2
7A11300,readv2
7A11y00,readv2
7A11z00,readv2
7A12000,readv2
7A12100,readv2
7A12200,readv2
7A12300,readv2
7A11211,readv2
7A11311,readv2
7A13100,readv2
7A13400,readv2
7A13411,readv2
7A14400,readv2
7A14411,readv2
7A1B000,readv2
7A34K00,readv2
G713.00,readv2
G713.11,readv2
G714.00,readv2
G714.11,readv2
G715000,readv2
G716000,readv2
G718.00,readv2
7A13200,readv2
7A13300,readv2
7A31300,readv2
7A32000,readv2
7A34F00,readv2
7A35300,readv2
G713000,readv2
G714000,readv2
7A14100,readv2
7A1B200,readv2
7A22000,readv2
7A28200,readv2
7A44000,readv2
7A4B000,readv2
7A4B100,readv2
7A27C00,readv2
7A28000,readv2
G72y400,readv2
7A27E00,readv2
7A28100,readv2
G720000,readv2
7A34C00,readv2
7A35000,readv2
G72y700,readv2
7A34D00,readv2
7A40700,readv2
7A40C00,readv2
G72y800,readv2
7A34E00,readv2
G72y900,readv2
7A40.00,readv2
7A40z00,readv2
7A46.00,readv2
7A46.13,readv2
7A40.11,readv2
7A40000,readv2
7A40100,readv2
7A40200,readv2
7A40300,readv2
7A40800,readv2
7A40A00,readv2
7A40D00,readv2
7A41.11,readv2
7A41100,readv2
7A41200,readv2
7A41300,readv2
7A41500,readv2
7A41800,readv2
7A41A00,readv2
7A41D00,readv2
7A45.11,readv2
7A45200,readv2
7A45C00,readv2
7A45D00,readv2
7A46.11,readv2
7A46200,readv2
7A46300,readv2
7A46C00,readv2
7A46D00,readv2
7A47C00,readv2
7A48200,readv2
7A48C00,readv2
7A40600,readv2
7A40900,readv2
7A40B00,readv2
7A41900,readv2
7A45.12,readv2
7A46.12,readv2
7A47.12,readv2
7A48.12,readv2
G722000,readv2
7A40y00,readv2
7A41E00,readv2
7A41y00,readv2
7A41.00,readv2
7A41z00,readv2
7A48.13,readv2
7A48.14,readv2
7A43200,readv2
7A4A500,readv2
7A45.00,readv2
7A45.13,readv2
7A45.14,readv2
7A45y00,readv2
7A45z00,readv2
7A47.00,readv2
7A47.13,readv2
7A47.16,readv2
7A45.15,readv2
7A46.15,readv2
7A47.15,readv2
7A48.16,readv2
7A45000,readv2
7A45100,readv2
7A45800,readv2
7A45900,readv2
7A46000,readv2
7A46100,readv2
7A46800,readv2
7A46900,readv2
7A48000,readv2
7A48800,readv2
7A45400,readv2
7A45500,readv2
7A45700,readv2
7A46400,readv2
7A46500,readv2
7A46600,readv2
7A46700,readv2
7A48400,readv2
7A48600,readv2
G723200,readv2
G723400,readv2
7A46.14,readv2
7A46y00,readv2
7A46z00,readv2
7A48.00,readv2
7A48y00,readv2
7A48z00,readv2
7A4A400,readv2
G723100,readv2
7A48A00,readv2
C109F11,readv2
C109F12,readv2
C10EG00,readv2
C10FF00,readv2
C10FF11,readv2
G711.00,readv2
G711.11,readv2
G712.00,readv2
G715.00,readv2
G723500,readv2
G720.00,readv2
G720100,readv2
G720200,readv2
G720z00,readv2
G722.00,readv2
G722100,readv2
G722200,readv2
G722z00,readv2
G723.00,readv2
G723000,readv2
G723300,readv2
G723600,readv2
G723z00,readv2
G72y500,readv2
G72yA00,readv2
G731.00,readv2
G73z000,readv2
4439A,oxmis
G731000,readv2
G73y000,readv2
G76z100,readv2
G76z200,readv2
4411,oxmis
4412,oxmis
4412N,oxmis
K552 EA,oxmis
K5523,oxmis
442 H,oxmis
442 LC,oxmis
442 PL,oxmis
4439GD,oxmis